,seq,label
83,GGGCTTTAATGCCGACGAAACCTCTGTAAAAGCCATTACCGATTTTGCCGCCGACGAGCTGCACGTTGGCGAAATTCATTT,Sigma28
140,AGTTAAAGCTATTCGTGCGGTGTTGCCTTGCAAGTGGTCCGTGGATTGCATATTGTCCCGTTAGTGGTTTCAAAATGAGCA,Sigma54
90,GATAAAAATATTTATTGGTCATTATATTAACGTATTTTATAGCACTGCCGATATCACGCTCAAAAAACAACCACTGCTATT,Sigma28
129,TTCCATATGGAAAAATGCGCCCATGATCTGACGGACTGGAAGCTGTGGCCGCGTAACGCCATTACCCATCGCTTCTCGCTG,Sigma28
33,GATGTTTGACGAGTATTTAACTTGTTATGAATAACATAGAATAGCAGCCATTCACTTTTTCTACGAATCAGGAACCCTCCA,Sigma28
185,AACAGTGAATGATAACCTCGTTGCTCTTAAGCTCTGGCACAGTTGTTGCTACCACTGAAGCGCCAGAAGATATCGATTGAG,Sigma54
175,TCGCAAGCTCCAGCAGTTTTTTTCCCCCTTTTCTGGCATAGTTGGACATCTGCCAATATTGCTCGCCATAATATCCAGGCA,Sigma54
39,GCGGGGAGTAATCCCATAAGCGCTAACTTAAGGGTTGTGGTATTACGCCTGATATGATTTAACGTGCCGATGAATTACTCT,Sigma28
76,AACGCTGCATCGTGAAGTGGAAGCCTATGAAGCGCGCCTGGCACGCTGCCGCCATGCGCTGGAAAAAATCGAAAACAGGTT,Sigma28
51,ATGGTGATTCTGACCAAAGATATCGGCATCAAGTTTGAAGAGCGTTTTGCTGGCAAGACCATCGTGCGCGTCAACATCAGC,Sigma28
58,GATGACGAAGAGTAGTCAGCAGCATAAAAAAGTGCCAGTATGAAGACTCCGTAAACGTTTCCCCCGCGAGTCAAATGTATG,Sigma28
69,TGTGACGCAAAGAGGTTTTTGGTCATAAGTAATTACCGTCAAGTGCCGATGACTTTCTATCAGGAGTAAACCTGGACGAGA,Sigma28
200,TCTACCATGCTCTCTGTAGATGCCAGCGCGAGCGAATGAATGGCATTTTCATGTATTAAACCCTTTGGCCGGGACAAGCAA,Sigma54
71,CTCGGCGTAATCTCCGCGGGATATTCATAAAGTTTTTCCTTTCCAGGCCGAAAATCTTGCATCGGTCCACAGGAAAGAGAA,Sigma28
47,CAAGCGTGGAGTTTAACTTGAGCATCATTAAGCACATCACAGTAACCGCTGATCATAGCAAACCCTCTGAAGGCGGAATAT,Sigma28
165,GGGCATAGTTACTTCTGCTGTGGGTTGGAAGATGGCACCTCTCCGGATACGCAATGGCTTAATGAAATTGTGATGACGGAT,Sigma54
163,TGCCATTGCTCATACCGTTGATCGCAACGGCTTATGGCACGCGCTGACGCCGCAATTTTTCCCTCGTGAGCTGTTACATGA,Sigma54
22,CCGCGTCTTTTCCCCGCTTTGTTGCGCTCAAGACGCAGGATAATTAGCCGATAAGCAGTAGCGACACAGGAAGACCGCAAC,Sigma28
114,CTCACTATCCGGGCTTTGAAACCGATATTCACGGTGCATACCGTCAGGCTGATGGCCGCTATACCGTTAAGGTATTGAAAG,Sigma28
25,GTCTTACGCGTGAGACGGTTGTTCAACTGACGGATTTCAGATGATCTCCTGATTAACCCGGAGCGGTTATGTTAACGATTC,Sigma28
160,GCGAAAAAACCGCGCCGTATCGAAATCAACTAATTCCCTAAGGCCGCCTGGCGCGGCCTGACATCTCCATGCTCGCCGTCA,Sigma54
72,TTCGGTCGGTTCCGGAGCAGCCGAATGATGAAGCTTATCAACGCGATGATGAATATAATCAGCAGTCGCGCTAGCCCATTG,Sigma28
11,TCCGAAATCAACGCTTTGCAGGCGAGTTAAAGGTTCGTTATCAGAGTTGTGATAAGATGGATGAATGAGCCGTTATGGCCG,Sigma28
17,TTGACAGCCACCAGACGATTACTCAGTTGACGCAAGATTCCCGCGTTGACGATCTCCAGCAAATTCATACCGGCATCATGC,Sigma28
209,CGAAGTGGATGATGCGAAATACGGCTTCGTCGCCTCTGGCACGCTGAACCCGCAAAAAGCGCGCGTTCTGCTGCAACTGGC,Sigma54
117,TGCACGGTGACGAATCGCTGGCGATCAAAAAGGGGCGATATTGAACCTTCGATTATGCTTGATGGGTGTATTCTCAGTAAT,Sigma28
116,ATTGAATTCAACATTCTCCACTTCACCATAACGCGTGCTTACGCTAATGCCGGTGGTCTTGCTGACGGCAACTTCCGCACC,Sigma28
161,AGTGCATTATCCGGATAACAATATTCTCCTATCCAACTTTGGCACATCTATTGCTTTGTTATACAAGGCAAACCCTGAAAC,Sigma54
101,GTACCAGCGAGCCGCGCGTCTGCCTCGATAAAGTTATCGAAACCATGTACGAAACAGGTAAAGATATGAACGCCAAGTACC,Sigma28
74,TAAAAAAGCGCTCGGAATTTAATTATTTTAAGAGATAAAACCGTCTGCGGAATATTTCCCGCAGACGGCTTTGTTGTTTTT,Sigma28
35,TGCCGCACCCGGACCGACGCCCGGACAAAAAAGAGCGCCGCGACCTGTTACGATTTAAACACGGCGACAGTGAATAACTGT,Sigma28
181,TGGATATGTTCCCACACACGGGACATCTGGAATCGATGGTACTTTTCTCGCGCGTTAAATAGTTGCGATTTGCCGATTTCG,Sigma54
225,TGTGGATTATGTCACCAGGAGAAGGATGAAAAGTGTGGCAAACCGTAATCTGCAAGGCGTGCCGCTGGACAGCGATGGCGC,Sigma54
100,CCCGCATTCAGCCGTCGATATTTTTGTTAAGGATCTTGGTCTGGTTGCCGATACAGCCAAAGCCCTGCACTTCCCGCTGCC,Sigma28
104,AGCTTGAGTTCGACACCCGACTGTGGCTAACGCAGTTGTCGCTTGGGCAGAACAAAATCTGAAAATGATGTCAGGCGTTAT,Sigma28
155,ATTTAGTGATGAGGTCATGAAAGTCAATGGCCTTAATGGCAAAGCGAATTCTGCAAAAGTGCATTTTTACGCCATTAATGA,Sigma54
14,TTGTCTGAATGTTCTTTAAGTTATTCATAAAGCAAATTAATAAATCTGATGAATATGTTAACCTTCAGCGACATCATCGGT,Sigma28
103,ACTGGGAACCTTATGCGGAACATATGCTTGAAGTGATGTCTTCTATTGACGGTTATAAAAACCTGTCAGAGAGCAATGATT,Sigma28
53,GAAATTTTGCAACGTCCTGCAACGGCGTAAATAGTCCGGAAGATGCGCCGAAGAAATAGAAACTGGCCCTCGTCTTTTTTT,Sigma28
23,AACAATTAATGACACAAGAAATACGATTAAAGATTTTTTTGTGCATGCCGATAGTGCTTTTTTAAAAGGAGAAATCTATGT,Sigma28
24,ATTTCAAAAGCCGATTACGAAGCTCTGCTCACGCTGATACGGGGTTTTCTGACGACCTTAACTGCGGAGAAAGTCAACGCG,Sigma28
32,GCACCAGTACAAGCAGCCTGATGTTTGACGAGTATTTAACTTGTTATGAATAACATAGAATAGCAGCCATTCACTTTTTCT,Sigma28
97,ACCAGTTCAGCGGGGAATGGCGTGGTCCTGAAGGGTTAATGCCTTCGGACGATACCCTGAAAAACTGGAAAGTCAGTAAAA,Sigma28
68,ATCCAGAGTCTTCGGGTCAGGGTTAAATTCACGGTCGGTGCACTTTAGGTGAAAAAGGTTGAGTCGCAAAGCGGAATGCAT,Sigma28
0,CCTCTGCCGAAGCCCTGCAACAGGCCATTGACGATAATTTCTGGCAAGCCGAATACCGCGACTACCGCCGTACCTCCATCT,Sigma28
9,TAAGCTCTTGTCAGCGGCAGGGCGTTCTGCCGATAACCGTAACCGAAGATGATAACTGACAATGGGTAAAACGAACGACTG,Sigma28
80,GATGGCGGCTCGCTGATTGGGCTGGTGAAAAAGCATTGTGAGATCTGGGCCGGTGACTAAGCCGGGAATTGCCTTACAGAA,Sigma28
42,TTGCCGAAAGCCGTTAGATTCTGGCAATTAAGACAACTTGAACATAGACGATAGCGGACGGTAACGCTAGCATTAAGGGTT,Sigma28
151,GCCGCATCTCGAAAAATCAAGGAGTTGCAAAACTGGCACGATTTTTTCATATATGTGAATGTCACGCAGGGGATCGTCCCG,Sigma54
126,GCAAATTAATAACGAGAGTAATCTCATAACCAAATGCGATAACTCAGACGCTAAAGTTTTGCCACCCGGCTACCGTTATCA,Sigma28
27,AACCCAATCGCCAGCAACAGCACCGCAGAAGGTAAGGCGCAAAACCGCCGTGTAGAAATTACCTTAAGCCCGCTGTAATCC,Sigma28
196,CAGACCAACCATGTAGGCTGGACGCCGCTACTGGAAGCGATTGTGCTTAATGATGGTGGTATTAAACAGCAGGCGATTGTG,Sigma54
212,AGGGTTAACGGTTTAAACACCCAGCGTTGCCAGGTTGGCCCACGATACGATGCATCCACAGATAGCCATGCGGAAAGACAG,Sigma54
115,TGCTTACGCTAATGCCGGTGGTCTTGCTGACGGCAACTTCCGCACCGTCCGATTTGCCTGAGGCCAACTCCAGCGCAGTGG,Sigma28
172,AGGAAATCGCCCCATGGGGTTGGCAGTTTGGCTTCTGCCACACGTTTAAGCTGCATGAAATTCTCCAGATAATGCTGGTTC,Sigma54
3,ACCAAAAACTATCGTGCCAGCTACAACGTTGAAGGTGCGTTCCAGGCCTCCAACAAAAATATCGCCGATGCGGTTAACAGT,Sigma28
95,AACCTGTAAATGGCAGATTGAGATGTCCACAAGTCTTCGCTGCGAACATCCGATTACGCTACTGGCCCAGGCGCTGGCTTA,Sigma28
64,CCGGACTAGCGATATGCGCCGAGTTTTTTTAAGCTAGTGAGTACACGGCTGCAGAATTCCGCTACAATCTGCGCCACTATT,Sigma28
121,CAACCTGAAAGTATGGATAACACAACCCTCAAGGATGACTAATCATTGAGGAAATAGAATAAATGTTCAGACCTTTTTTAA,Sigma28
85,GAAAATACGTTCCTCACTTTAAACCTGGTAAAGAACTGCGCGATCGCGCCAATATTTACGGTTAAGTTTTTTACTCAAACT,Sigma28
134,ATTTACATTAACTCCTTTTTTTCTCCACGATTGGCTCGTACCTTGCCGCTACAGTGAAGCAAGTCAAGCCTACAACGATAC,Sigma54
4,GTGGTCCCACCTGACCCCATGCCGAACTCAGAAGTGAAACGCCGTAGCGCCGATGGTAGTGTGGGGTCTCCCCATGCGAGA,Sigma28
133,AAGTTATAAATAAAAAGAGATTGTATTTAAAGTGCAAAAATTCAATTGCTAATAAGTTACATTTTAATAATGAGCGTTTTT,Sigma28
204,ACGCCTGACAGCGCACAAAAAAAGCGCACTTTTTGACTGGCACATTCGGCTGCCTCAACTAGGCTGAAAAATGGTGCGATC,Sigma54
149,ATAATCAGTACGTTACCAAACTATTTTCTTTATTGGCACAGTTACTGCATAATAGTAACCAGTGGCTCATTCACCGACTTA,Sigma54
70,TGGTGGTTAACCTTTCCGGTCGCGGCGATAAAGACATCTTCACCGTTCACGATATTTTGAAAGCACGAGGGGAAATCTGAT,Sigma28
141,TGTGTTAAAAATTTGCTAAATTTTGCCAATTTGGTAAAACAGTTGCATCACAACAGGAGATAGCAATGACGTTACCGAGTG,Sigma54
29,ACTCAGAAAGAAGGCTGGCGTCGTCCGGTAAAGAAAAAGTGATTCTGGCCGGCTAACCCGGTCACATGGGATGAGGAGATA,Sigma28
20,GAAAAATTGACGCTCCCATTATTTGTGCTTTCGTTTTTTTCTATCCGCCAATAAACCCGTTTTTTTGTTGCTATTTAGCGC,Sigma28
222,AATGCTGGTGGCACAGGCGGCTCATGCCTTTCTTCTCTGGCACGGTGTTCTGCCTGACGTAGAACCAGTTATAAAGCAATT,Sigma54
28,TTGCTGTAAAGTATAACGCCTATATTTTACAGTTCAGTCCTCTTTTGCTTATTACAACCTTAAGTATATCAAGCATATAAA,Sigma28
40,TTACATGACTGTCTGACGCGCGCTCTAAATGAAGGCGCGACTATTACCGACGAAGCCTCGGCGCTGGAATATTGCGGATTC,Sigma28
167,AGCCATCGTTAAACAGCGTGGCGGCAGCGCCTGGCAAATCGTCAGCGTAGACAGCACCTATCACTCCTCGCTGTCAGTCAG,Sigma54
182,CCGCACCGCTAAGTTCGGCAGATCGCGAAAAACTGGAACGCTTTTCGCATTCTGAAGGCCTGGATCTGTATCTCGCCCCCG,Sigma54
93,GTGGACGTCGCCATTCGCAGGCTCCGCGCAAAAGTTGATGATCCTTTTCCTGAAAAGCTAATTGCCACAATCCGGGGGATG,Sigma28
5,CTGGCGATTGCGGCGCTGAAAGAGATCTACCGCACCACCAGCGAAATGCCGGTAGAAGAAGCGTATCGCTATATTCGCAGC,Sigma28
46,AAGAAGCGACTGAGCAGTCTCAACCTGCTGCAGCACCGGAAGCTCCGGCTGCTGAACAGGGCGAGTAAGGTTGCCATTTGC,Sigma28
56,TAATCCAGCCTGGCGGTTCTATCCGTGATGACGAAGTGATTGCCGCCGCCGACGAGCACGGTATTGCGATGCTCTTCACCG,Sigma28
49,ATCGTCTGAATCACCAGAATAAATAAAGTCGGTGATAGTAATACGTAACGATAAAGTAACCTGACAGCAGAAAGTCTCCGA,Sigma28
195,CACATTGTTGTGAAGGCCGATGCTGATAAACAGGCGCTGGAGCTGCTGGTGAAAGCGTGCCCCGCAGGTCTGTACAAGAAG,Sigma54
219,TTTCATGTAAAAGAATAAAATATCTGTATAAAATCATGCCACTGGCAATCTGCATCAACTCTCCGGGTAAACAGGGTTAAG,Sigma54
87,CCGAAAGATGAATAAATATGCCCATACTTCACGCATTACGTTAAGCATCCGTTATAATCGGTTGCAGATACCAGCCTGTGG,Sigma28
177,AATCAGATCTTTATAAATCAAAAAGATAAAAAATTGGCACGCAAATTGTATTAACAGTTCAGCAGGACAATCCTGAACGCA,Sigma54
220,CGCTACTGATGATATGCGTAATGCCAAGCTCTTTGGCACGGGTTGCCACCTGCATCGCCTGTTGCTCACCTTTGGCGGTCA,Sigma54
92,GCTCCGGCAGGTTTTTTTGTGTCCTGATGACGGTGGATGTGACTATCGCTGAAGATGTGAAGTCGCTACTATAACGGCTTT,Sigma28
156,TTAAAAATCTCTTTAATAACAATAAATTAAAAGTTGGCACAAAAAATGCTTAAAGCTGGCATCTCTGTTAAACGGGTAACC,Sigma54
168,TTATTTATAGAGTAAAAACAATCAGATAAAAAACTGGCACGCAATCTGCAATTAGCAAGACATCTTTTTAGAACACGCTGA,Sigma54
41,AATATTTCCTTTACAAAAAAAATAAACAAAAGCGACCGACAAAAGCATCGGATTACGGCAGGAGACATAATGGCATGGCTG,Sigma28
88,CATGTAAAAAATATTCACGCATTTGTATTAAGTTTTGTTAACTGTGACCGATAAACCAAAGACAGTTTGTCAGTCAGGAGT,Sigma28
45,ACCGCCATCCCGGGCAGTAAAAAGACGTAAACTTTCCCAGAATCCTGCCGATATTATCCCACAACTGCTGGATGAACAGAG,Sigma28
215,CTCCCTTATAAGTCTGTGGTTACGTCAATAGAGAGCTTTGTCACAATTATCTGCAAAGTCATACGCCGTTAATTGCTTTCT,Sigma54
157,AATTAATTTCCTTAAATAACAGTAAATTAAAAACTGGCATGATTTGTGAATGTATCGGCGCATTAACTGTCATTGCTGGAG,Sigma54
180,CATCCGGCAGTTGTACGCAGGTGCCTGATGCGACGCTGGCGCGTCTTATCATGCCTACGAGCCCGCGAATATTTGCGAGCC,Sigma54
183,CTGGCGCAAAACGACATTATGGAAGAGCAGGAAGCGATGGCGCTGACCCGTGCTTACACTACGCTTCGCGATGAACTTCAT,Sigma54
43,GATTTACGGGGGCTTTTCAGATTAGCCCTGACGATCACTTACAGTTCAGACGTTTACCCATCTTGCTTTCGCTTATATACT,Sigma28
210,CAGCTTATTGCGACGCGAAATCGTGCGCAAAAGCTGGCACTACTTTTGCTTATAAGAGGATGGCCACAGACAGGTAAAAGA,Sigma54
119,TATGCAGGAAAAAACCGTCCAGCCACTGATGAATGCGCTGTGTATTGCCGATAACATCAAACTGGAATACCAGGAGGTGAC,Sigma28
50,TTACTGAACCAGATGCAGCAGGCGAGCATTAAGCACATTGAGTTCCGTGACGATCGCTTTGTGGCGGCGGTTGCCGTTGAT,Sigma28
123,GCGCGATGAAAACAGATGACGTAAATGCATGACGACTCCCTTTGATGAACCGATATTTTTGCTGCTTCACAATGCTTCGCT,Sigma28
120,ATCATGATTTTTGTTTTGTGATTCTGATTAAGAAAAAGAAAATATCAGACGATAAGACAAAATATCAAGCGTTGTGAAGAA,Sigma28
106,GTTGTCTTTTGTTTCCGTAGGGTGTTGGCTTCAGGCTCCATGCCTGCGGCTGATTATGCCACTATAACCGTTAATTCCACA,Sigma28
48,CGCGGAATCCACCAATTCGTGAACGCAAAAGTATTCCCACCAGCTGGCTGAAGATCACCTTATATGAAGGACGTAATCGCC,Sigma28
201,TCAAGGCCGGTGACGTTGTGTTGACAGGCACGCCTGATGGCGTCGGCCCGTTGCAAAGCGGTGATGAGCTGACAGTCACTT,Sigma54
221,AAGGAAATATGCCTGAGCAGCAGTCAGAGACATAACTGGCACGTAAGGTTTGCAACCACTAACCCACCAATAGAGGGGTAG,Sigma54
113,AAACAACACACTAAATATAAAATTATTTCTTGCAGTAATTATAAAAGCCGAAAACAGAACTCAAAAACAATCTGGCTAAAT,Sigma28
132,GGTTACTGTGATGTGCTTAATGATGCTCAAGTTAAACTCCACGCTTGCCGATAGCCAACCGCAGAATCATGTATTGTGTCC,Sigma28
150,GCATGATAACGCCTTTTAGGGGCAATTTAAAAGTTGGCACAGATTTCGCTTTATCTTTTTTACGGCGACACGGCCAAAATA,Sigma54
227,TGTGTTACAGCGCAGGGTAAGCGCTGATAAAAGATGGCATGATTTCTGCTGTCAGAAAGGGATGAGCAGGCAAAGAAGAAG,Sigma54
86,GGTAAACCGATCAGCGTTTTTGGCTGGTTTGACGTCCCCGCGACCCTTGCCGACGCTGGCGCACAGGCAGACTTTGCCGGT,Sigma28
79,GGCGAACGTCAGTCGGCGTTTTTACAGGCTGAAGCGCGTGAACGTTCCGCCGAAGCAGAAGCCCGCGCCACCAAAATGGTG,Sigma28
66,CAATTTCGCGGCGGGTGGCATCAGCAATAAAGTTTCCCCCCTCCTTGCCGATAACGAGATCAACTTGTTTTCAGGAAGGTG,Sigma28
21,CAATTTTTCGAGTTTGCTGACCCGGGAGTGAGTCTTGTTCCACTTTGCCAATAACGCCGTCCATAATCAGCCACGAGGTGC,Sigma28
110,GCTGGCTGGTTTCTTCCCCGGCTGGATGCTGACGCAAATTGGCTATGTGCCGAACGTCGCACAGGCTGACCACACCATTGA,Sigma28
96,TCTGACAGTTGAGAAAATGCCGCTGCCTGAAGCTTCGCAACGTTAAGCTGATAAACATTCGACGCATTGCGGTTATGATGA,Sigma28
190,TCTTCTGCTGAATTAAAAGAAGAAATCTACTTTGCCTGGCGTCTGGGCGTGCATTGATCCTGACTTAATGCCGCAAGTTCG,Sigma54
99,AACAATGTTGAAAATGCCAGCCAACTGCATGAAGTATGGCAAAAAGGGGCTGATGAAAATGCCAGCACAATACGATTAAAT,Sigma28
26,TCGCGCTGATCCCGGAAGAGCTGGTGCCTGCCGTACAGCAAGCTGTCGCTGAACAATATGAAGCAAAAACAGGTATTAAAG,Sigma28
118,CCAGGAGGTGACGGACCCGTATACCAAAGAAAAATACTTTGAGTACGCCCATGACGGCAAACTGATGGGGCAGCTACTGAT,Sigma28
61,CTCCTCGCTGTTGCTTCATGGCACAGCGTTAACGCTATGTACATAGCAGCTAAAAAAATGATGAAATAGTCTATCACTTAA,Sigma28
60,GTAACTGTGGCAAAACCTTTGTGATTGATAAAGCGGGTTATTAATCATCTGATTTACAAAACACGCTAATTCGTCTTCCAT,Sigma28
187,TCGCCATTTGCGACTACACTCCTCGCTGTTGCTTCATGGCACAGCGTTAACGCTATGTACATAGCAGCTAAAAAAATGATG,Sigma54
98,ACGTGGTCGGAACGGTGATGGGCGGTTATGACGGGCATCGCGGGTCTGCTTATTATCTTGGCGTGCATCCAGAGTTTCGTG,Sigma28
130,TTTACGTAAAGTTTTACGTTGCAACATTAAAGCCTCATTTCAATCATCATGATAAATATAAAATTAATATATATTTATGCC,Sigma28
131,GAGCATGAAGGCGTGACGATTTTAAGCTCTTCAGAATTACGCAAAAGAGCTGAATAATTATTCCCAAGAATTGATAGTGAG,Sigma28
142,ACATCCTATCACAGGATTGAAAGTAGGGGAAAATGGCAGGGTTTTCTCTTTGTGCCTCATCATTACCATAATTAACGGAAT,Sigma54
127,CACCAATGAAATCCAGGGCTTTATCTATTACAGCAGGCATATTCTTATCCTTAAAATTAACCATGTTATCGATAAGGCTAT,Sigma28
166,TTGGTTAGCTTGTACATCAACACCAAAATAAAACTGGCAAGCATCTTGCAATCTGGTTGTAAGTAATGGCGGCACTTGGGC,Sigma54
30,TTGTTACAAAGCATATTAAACAGCAGCTTAAGTATACAATTTATTCGGCGAAACATTATTGATTCTGTTGATATGATCACG,Sigma28
94,CAGGCGCTATTAAACACCCTCAAAATTTAACGATTTCTGCGGTTAAAGCGGATGAAGCTCACCTTCGTCCGCTCTCCCCTT,Sigma28
211,CAGTGCGTTAGAGCTGGGGCGCAAGACGCTGGTCACGCTTGGCATGCATCCGCATCAGGCACAGCGAGCGCAACTGCATTT,Sigma54
179,GTAATCCAGACATTTCCCGGATGTCGCGTTATGGAGCGCGGGCGGCAACGGGCTTCCGTTAACGATTAAGACTGTGACGAG,Sigma54
128,TACGGCCAACAGAGAAAGATACCTGTGCTCACGCCATTGCTTATATTGGCTGGTTACAATATGCACTATCAATTTTTTAAA,Sigma28
75,AAATTCATTGTTTTGATAATCGCTGGCAGAAGCATAAACAGAACTATGCCGGAAGGCAAAAGCGCGACACAATAGAGGATT,Sigma28
135,GATCTCCTTTGTTCTCACCGGTATCTACATCTGGCGGGCGAACGGCGAATTCGACCGTCTTAATAATGAAGTCCTGCATGA,Sigma54
6,CATCGGTTCTGCATTCGGAAGATGCCATTGAAGGGCCGCTGGCGTTTGCCGAGAAGCGCGATCCGGTGTGGAAAGGACGTT,Sigma28
216,TGCAAAGTCATACGCCGTTAATTGCTTTCTTTTTTGGCGTAAGCGTAAGATGCTTCATCTGGTTTAAACCAAAAGGATTAA,Sigma54
111,GCGTACTGGCCGCAACCCGCAGACCGGTAAAGAAATCAAAATTGCCGCAGCTAACGTACCGGCATTTGTTTCTGGCAAGGC,Sigma28
147,CGAGTGAAGTCGCATTGCGCAAGAAACCAGCATCTGGCACGCGATGGGTTGCAATTAGCCGGGGCAGCAGTGATAATGCGC,Sigma54
108,GTGAGGAAATTTACCCCGGCCAGGCGGTAAAGTTCTGCCCTTACGCGCCGATAATCTTTGTCGAGTCCGGGCAGCATCACT,Sigma28
102,TTTAAGATTTTCCTGCTTTCAAGATATATAACGTCGGTTTATAAACAGACTATTATCATAGGTAGGCCAAATGAGGATAAC,Sigma28
78,CCGCAGCAAGCCAAAGTGAGTTGAGTATAACGCAAATTTGCTACTGGTCCGATGGGTGCAATGGTCTGAATTACGGGCTAA,Sigma28
67,GCGACGCTGTGCGTCTTATCAGGCCTACAAACGGAACATAACCGTAGGTCGGATAAGGCGTTTACGCCGCATCCGACAGCC,Sigma28
2,CTTGCCGGAAGGCGAGGTCTATGCATAAAAAGCAGCGGCTGACGTCTTCCGACGTTGGCCGTTTTTTTATGTGTAAGGAAC,Sigma28
38,TTCAGCGATCATTGTTTTATCAGGCTCCTCCAGATAATTGTCGTCATGCCGGAAACCCCTGGCGGGGCTATTTTACCGCGA,Sigma28
217,TTAGAAAAACCCCGGTCCATAAGGCCGGGGTTTTTTGCATATCAATTATTTGCATGATGAAGGGAATCTCATGTCAGTTCT,Sigma54
202,GGCGAGGTTGTCGAGCGAGGCAGCACCGCGGATGTGCTGGCATCGCCGCTGCATGAACTCACCAAACGGCTGATTGCCGGT,Sigma54
148,AACCTGAATCTGAGGCAGCACCTGGCACGGCTGGGACGGAAGTCGCTGTCGTTCTCAAAATCGGTGGAGCTGCATGACAAA,Sigma54
81,AGTGGTCGGATGAGTAGTAAAATTACACAAAAGGCGGTACTATTTTCATCAGATAAACAAATTCATTTTTCCGGTGCCATT,Sigma28
208,CCTCACATTTTTTTATATTTCCCGCCAAACCTGGCAAGAGTGGTGCGATTGTTGCTCTATCCCCCTAAACCACCGGATTTC,Sigma54
1,AATTGCGATCTAAATCAAATTAATCGGTTAAAGATAACCGCAGCGGGGCCGACATAAACTCTGACAAGAAGTTAACAACCA,Sigma28
146,CCCGTAATATCAGGGAATGACCCCACATAAAATGTGGCATAAAAGATGCATACTGTAGTCGAGAGCGCGTATGCGTGATTT,Sigma54
8,CCGACGTCATTATCTCTAACCGAATGGCAGAAGAGCTTAAGGATGTGGCAGATAAGGTATACACCCGCGATCTCTTTGGCA,Sigma28
62,AACAACAGGCAGACAACGCGCGGCTTTCAAACGAGAAAATGTTGAGGGTACCATAATGTATCCAGTGATATTTTTTTTACG,Sigma28
82,TCAGCAGGTGGATGAAACCATGCTGCCCAAACGCACCTGGTGGAACCTGACCAAAAGCGTGCTGGCGTTCCACTTTTTACG,Sigma28
13,ACGACAAAGTGAAAGCACTGTTGAAAGATAAAGAGATCAGCGAAGACGACGATCGCCGTTCTCAGGACGATGTACAGAAAC,Sigma28
12,TGTAACAACACCACGTTTAGCGTTTGCTCCAGCAAGGCGATGCGCTTGCTGACGAACGCCGGTGAAACGCCCAGTTCTTCC,Sigma28
16,GAATATTCTTATAAACCTGTAAGCTGTTAAAGATTACCCGTCCCTTGCCGATAAATAAGCAACACATGATAAAAGCGCCCT,Sigma28
37,CTAAATGTTGAAGAATTATCCCGCCTGCTGAAGAACGTTGCTCTGAGTGTGATAAACCTTTTTATTCTTGATGATGTCAGC,Sigma28
19,AAAAATGGCTGTTTTTGAAAAAAATTCTAAAGGTTGTTTTACGACAGACGATAACAGGGTTGACGGCGATTGAGCCGACGG,Sigma28
152,TTAACTTCCTGCTCTCTTTCTCGTTTTTCATTTCTGGCACACCGCTTGCAATACCTTCTTCGTGTAGCAGAACCATTACCG,Sigma54
184,GATTGCCGGATGCGGCACAAGTGCCTTATCAGGCCTACAGGTCGGCAATAGTTGTAGGCCTGATAAGACGCGACAGCGTCG,Sigma54
63,ATTCGTGCCACCGCGCATGTGGAATGCCGTAAAGATGCCGAAGTGATCGACGAAATCCCGATGGCGTATAAAGATATTGAT,Sigma28
34,TACTCTAAGAAATCAGGATTGCACCAGTACAAGCAGCCTGATGTTTGACGAGTATTTAACTTGTTATGAATAACATAGAAT,Sigma28
144,AAGTCGCCGTCTGGTTTATTTATCTCATCCCGGCGCTGGTGGCATTTGCTCTGCCACCACGCGCAGGGGCGACAGCGTCTC,Sigma54
139,ATTAGTTAAATAACTAAATCCAATAATCTCATTCTGGCACTCCCCTTGCTATTGCCTGACTGTACCCACAACGGTGTATGC,Sigma54
143,TTAAGCCAGCATTCTGGCGCTTATCCCGGCATGGCATGAGATCTGCATAAGCGGAAAGCGCAGCAATTTTTGTCTTATACA,Sigma54
89,CAGAGTGCTCCGCTTCTCACTATTATCTCACGCAGTATTCTTAAGGGAACGATAAGGAGGAACCATGAACATTACCCCGTT,Sigma28
159,CATCGACATTATTCACCGCAGGGATAATCAACACTGGCACAATTATTGCTTGTAGCTGGCAATAGTTAATGGGAGGCGATA,Sigma54
122,TTGTTTCAGGAACTGCTCATGGTAATGACTCACGCGGAAAAACTCCTGACTGACAAACTGTCTTTGGTTTATCGGTCACAG,Sigma28
107,GAGACTATCCGGTCTTTTACCAAATAATGAAGAATAATCCCTCCCTGGAAGATAATTGTAAAAAACAACAGCATAAGAATT,Sigma28
59,TTACCCGGCAGCGTCGAGTTACTCAATAAAAGCAGTTCCATTACTTCTCCGGTTAGTAAGAAATCACGGGAGGCATGCTAC,Sigma28
52,GGTTGGCAGTTTGGCTTCTGCCACACGTTTAAGCTGCATGAAATTCTCCAGATAATGCTGGTTCTGTATTGGCTTATTTTG,Sigma28
164,AAGAAAGTGTTCTGAATAGAGATTCAATATTTAAGGGCACGGTTTTTGCAACCGTGTTCTTGTTTGGCCTTTCCTTATAGC,Sigma54
145,CATATTCTGCCGCTAAACAATTCCCCATTCCTGGCGTATATCTGGCTAACATTCATCAATGTGATAGATTCCTCTCCCGCA,Sigma54
171,TCAAAACGCGCCACGATTCGCTCGCCGGAGTGGTTGGCACGCAGCTCTTCTGCCACCAGCGCGATTGCCTGGCCGCTGCTC,Sigma54
10,ATAACCCGGAAGATCTTCACCTTCAGCCTGCCGGTAAAATTTATCTGGCTGAAACGCCGTGGTTTAACATCTCGGCGACCA,Sigma28
205,GTCTCGATCGACGCGGTGCATTACTGCGTGAAGGCGCGTGGCATCCGCGATGCAACCAGTGCCACGACAACGACCTCTCTT,Sigma54
194,CCTACCTCCCCTAACGCTTATCGTCGTTTCTGGCGTAAATCTTGCCTGCTTAGACTAAATCTTTGCCATAAGAACCAAATG,Sigma54
226,GCCAGATTACCCGTCATATCAGCGTTTCATCGTTGGCACGGAAGATGCAATACCCGAAGTAAGACAACCACTGGAGGATTA,Sigma54
186,CACCATCACCAGACGGACGTGTGCCGGGATCGCAATGGCAATCTCCCCCTGCAACGCGCCAGGGCGACGCAGCGACCACTG,Sigma54
158,CATAACTTATTGAATATATTGAGTTAATCAGAATGGCATCCTTTATGCAATATGAAATGCAATGTTTCATATCATTTTCAA,Sigma54
137,AAAAAGCAGTATTTCGGCGAGTAGCGCAGCTTGGTAGCGCAACTGGTTTGGGACCAGTGGGTCGGAGGTTCGAATCCTCTC,Sigma54
84,ACGTCGCCTCAATCAACAAGAGCGGCTACCGTTATCACCCGGGCGAGCCAAGAACCTTCTTGCTCACAGCCAATATGCATT,Sigma28
138,TAGCCTCCGCCGTTTATGCACTTTTATCACTGGCTGGCACGAACCCTGCAATCTACATTTACAGCGCAAACATTACTTATT,Sigma54
65,GCCTTGACCCGAAAGGCGGGAAAGCGCCTGCCGATAAGTTGTGATAAGACAATAATTCACGCGTTAAGGCTAGCGGAATTG,Sigma28
169,GGTTTGCGTCAGCTCATTTTTATCTGGCCTTGTGCACTGGCAATTATTGCTGCATTGACGATGGGATTCTTTTACACACTC,Sigma54
55,GAAGGCGCTGAACGTAAACCTCGTGCGCAAAAGCCGGTAGAGAAAGCGCCAAAAACAGTAAAAGCACCTCGCGAAGAACAG,Sigma28
105,GCCTCACACTGACAATGGCTCCAGCTTTTAAGGATGAAGGGGAACTAACCGACATGACAGATATTACAGGCAATCTGACGG,Sigma28
223,TCAAAGCGTAATGCTGATGGTTTAGGAATGCTGGTGGCACAGGCGGCTCATGCCTTTCTTCTCTGGCACGGTGTTCTGCCT,Sigma54
153,GCGGAAAGTGTAGAGAAACGCGAAAAAATGGCGCTGGCACGTAAACTTAATGCCTTAACCATGCCGCACCCGGACCGACGC,Sigma54
36,TTCACGTCAATTACCAGCGACACAGTGATAAAGCTGGATCTGCATCAGGCGATTGTCGATGCGATTATCCAAAGCGATGGC,Sigma28
31,CAACTCATTGAAGGCATAACCATGACGCTCAAGCAGTTGTGCCTCTTTGATGGTGAAATCACCATGACGAGAGAATCCACG,Sigma28
176,TGAAATTAAACATTTAATTTTATTAAGGCAATTGTGGCACACCCCTTGCTTTGTCTTTATCAACGCAAATAACAAGTTGAT,Sigma54
198,AGAGGTAGAAGAAAATAGTTTGTATCCTCAATATTGGCAGGTTAATTGCTGTTTCCCCGCAATTTGCGCTACTGTAGCGCG,Sigma54
170,AACCTGCAAACATTGTTAACTCCTGCTAAATTGTTGGCGCTAATTATTTCATGCTACCCGGCACATAGCCAGTAGAGTCAG,Sigma54
188,TGAATTAAAAAATTAAGCTGCTTATTTAATTTTCTGGCACGACGGTTGCAATTATCAGGACAGCAAACAACGAAAAGAGAA,Sigma54
57,GAAATCCACTAGTCTTGTCCGGTATATGACGATTATCAGAGGTTAAGGTGATGATTTCTCGGCGGTGTATCATATTCCAGA,Sigma28
178,GGGCGTTTTGCTGTTAAATCAATAGATTATTTTTGGCATGATTCTTGTAATGCCAGCAAGAGATTTCATATTTGGGAGAGC,Sigma54
189,AACAGATTAATAACATTAACTTTTTAAAAACTGGCATCCGCTTTGCAAACAAGCCAATACGCGGCTGAAAAGGATATGCAG,Sigma54
73,AGTTGTAAAAAAAGCCTGATCACCACTAACGTAAATCACCCGAGTTGCCGATAACCATCCACGGTTACCTGAACGATAACA,Sigma28
109,CATTTACTCCCAGGGCTGCGCGGGTATGAACAATTGACAGTGACATAAGCCCTCCTTGAGTCACCATTATGTGCATAAGAT,Sigma28
124,GCTTCGATGCCCAGTTCTTCGCGTAACTCACGCACCAGCGCCTGCCGCTGACTTTCATCCGGCTCGACTTTACCACCGGCA,Sigma28
199,ATGCGCTACGCTTATCAGGCCTACAGGATATCTGGCAACTTATTAAAATTGCATGAACTTGTAGGACGGATAAGGCGTTCA,Sigma54
191,GTCAGGGGCGAGTAGTACCAGACAGTTTCACTCATGGCACTTCTCAGCAACGCTACAGCTGGTTTAAACGTGGTTTCGACA,Sigma54
173,AAACCAACGTTTATGAAAATGAAGAAATAACAAGCAAATGGCATCATTCCTGCTTTTACCAGGGGGATTTAACATGCTTAT,Sigma54
218,CTACCGGCCATCGGGTCAGCGTGGACAGCGCGCTGGCGTGGGTACAACGCTGCATGAAAGGCTATCGTCTGCCGGAGCCAA,Sigma54
192,AACTGGGTGGTGCCCGCTTCTCGTTTAGCTGGCCGTTATGGCATAACATCCCGCAATTTACCTCTGCCTGACACTACGCGC,Sigma54
206,CTAATAACATCCCTCAAGGGAAAAAGATCCATGGCATACTATTAGCAGAATAATCTACCTACGCGAGACCATGATTTTTAC,Sigma54
213,ATTTATTGATCTGAATCCAAAAGCAATGACCCCGGTTGCATGGTGGATGCTGCATGAAGAAACAGTATATAAAGGTGGCGA,Sigma54
136,TATTTAACGTTGAATGTTACTGTTGTCGTCAAGATGGCATAAGACCTGCATGAAAGAGCCTGCAAACACACAACACAATAC,Sigma54
44,CCGCTTAGTCGGGCATTTTCTTTTTCTCAACTTCCTGCTTTTCCTGCCGATATTTTTTCTTATCTACCTCACAAAGGTTAG,Sigma28
18,ACCCACTAATCGTCCGATTAAAAACCCTGCAGAAACGGATAATCATGCCGATAACTCATATAACGCAGGGCTGTTTATCGT,Sigma28
197,TTTATTTTTTATGTATTCTTTTGTGCTTTCAAGATTATGGCGTAAGAAAATTGCAATACGATTATTGTTGTATATTCAAGA,Sigma54
214,AAAACAATTTTGAGGATTTCCTTATATTGGTGGTTAGTACGCATGCAATTAAAAATGAAATTCCGCGACCACAAGCCAAAA,Sigma54
15,GAACATTGATAATCTGTTCTGAATAACTCAAGTCCGGCGGGTCGCTGCCGATAATACTCTGTAATTGAAGGCTTATAAGGA,Sigma28
174,GTTCTCTTTTCTTACACCGCGCCGATAAAAAATATGCACGTTTATTGCATATCTTTCAGTGTGACAACTTTTGTTCGTTTG,Sigma54
54,ACGCCGCGTGGCTGGATGGTCAACGTCTGCCGCCGCAGGGCTACGCTGCCGACGAGTAATACCCCCGTAATTAAAGCGCCA,Sigma28
112,TGCCTGTAACGAGCTGGTTACCGAAAACTTAAGCCCGATTACGAAAACGCCGGAGTACAAATACTGCGCCGTTCGCGTCGA,Sigma28
77,ACCTCAATGAAAATGATAATTGTTATGCTAAAGTAGCCACTCTGTAAGCTGACAACACTCAATATGCAACGAATCATTTTA,Sigma28
125,ATAACCAAATGCGATAACTCAGACGCTAAAGTTTTGCCACCCGGCTACCGTTATCAGTAGCAGAGACAATAACGTTAAGGA,Sigma28
207,CTGGTGAAAGCATCATTGGATGAAAAATCGGCAACAGGCTGGCCCCCTGTTTGCTTCGCGATGCGAATAAACTTATTATTT,Sigma54
162,TCGAGATTGAACACGCCTGTGAAAAATCCTGTGCTTGCACCACCTGCCACTGCATCGTTCGTGAAGGTTTTGACTCACTGC,Sigma54
7,GATAAAGTAATGGGGCTGATTCACACCATTAAAGGCTTCGAGATTGCTGCCAGTAACGCCGCACTTAGCGGAGAATTTAAC,Sigma28
224,AAGCCATCTTTTTAATGTTAATAACTAGTTAATTAAAGTGGCATCCTCCCGCATCCTCTCTGATAATGACGGGATGCCGGG,Sigma54
154,TCGGTCCGGATGATATCGGGCTTGATCGTCTGGAACAGCGTCTGGCAGAGGAAAAAATCACTGAAGTGATCCTCGCCACCA,Sigma54
203,ATCACCGGGCACGTTGTTCTCATCGTCGATAAAATGGCATGAGAGTTGCTGTGTTTTAGCAAGAGACGTCGTTCAGTTTAC,Sigma54
193,ACCATCGTGCAAAAGGGCTGCACCACGATGTGAATGTTGCACCAATATAGTGCTTCAATGGAAACATTAAGCACCATGTTG,Sigma54
91,ATAAAAACACTTCCCAGGGTTCTGTTTTTCACGCTTTCTTCTGTCCTGACGATCTTTATGAGTGATATCTGCGGCGCAGGT,Sigma28
